order,start_ts,start_t,start_video_sec,end_ts,end_t,end_video_sec,duration_sec,open_x,open_y,prev_y_delta,prev_dt_sec,n_clicks
1,2026-08-08T18:26:43.614,1786184803.722,49.722,2026-08-08T18:30:45.959,1786185046.045,292.045,242.323,731.8,405.6,,,4
2,2026-08-08T18:30:45.959,1786185046.045,292.045,2026-08-08T18:32:34.972,1786185155.049,401.049,109.004,571.0,171.1,-234.5,242.32,2
3,2026-08-08T18:32:34.972,1786185155.049,401.049,2026-08-08T18:32:50.988,1786185171.2625,417.263,16.214,479.3,191.0,19.9,109.0,2
4,2026-08-08T18:32:50.988,1786185171.2625,417.263,2026-08-08T18:33:04.826,1786185184.912,430.912,13.649,388.4,206.4,15.4,16.21,3
5,2026-08-08T18:33:04.826,1786185184.912,430.912,2026-08-08T18:33:22.473,1786185202.552,448.552,17.64,378.0,224.9,18.5,13.65,2
6,2026-08-08T18:33:22.473,1786185202.552,448.552,2026-08-08T18:33:56.794,1786185236.879,482.879,34.327,288.7,238.0,13.1,17.64,2
7,2026-08-08T18:33:56.794,1786185236.879,482.879,2026-08-08T18:34:46.367,1786185286.454,532.454,49.575,309.7,256.0,18.0,34.33,2
8,2026-08-08T18:34:46.367,1786185286.454,532.454,2026-08-08T18:35:04.338,1786185304.4275,550.428,17.974,440.7,279.5,23.5,49.58,2
9,2026-08-08T18:35:04.338,1786185304.4275,550.428,2026-08-08T18:35:21.841,1786185321.9385,567.938,17.511,321.6,299.5,20.0,17.97,2
10,2026-08-08T18:35:21.841,1786185321.9385,567.938,2026-08-08T18:35:37.636,1786185337.723,583.723,15.785,328.6,317.3,17.8,17.51,2
11,2026-08-08T18:35:37.636,1786185337.723,583.723,2026-08-08T18:36:03.758,1786185363.8445,609.845,26.122,395.6,338.6,21.3,15.78,2
12,2026-08-08T18:36:03.758,1786185363.8445,609.845,2026-08-08T18:36:14.862,1786185374.9355,620.935,11.091,325.7,357.0,18.4,26.12,2
13,2026-08-08T18:36:14.862,1786185374.9355,620.935,2026-08-08T18:36:39.818,1786185399.923,645.923,24.988,380.5,369.7,12.7,11.09,2
14,2026-08-08T18:36:39.818,1786185399.923,645.923,2026-08-08T18:36:54.765,1786185414.852,660.852,14.929,430.2,397.6,27.9,24.99,2
15,2026-08-08T18:36:54.765,1786185414.852,660.852,2026-08-08T18:37:17.159,1786185437.2495,683.25,22.398,370.4,412.3,14.7,14.93,2
16,2026-08-08T18:37:17.159,1786185437.2495,683.25,2026-08-08T18:37:28.134,1786185448.2195,694.22,10.97,418.7,428.4,16.1,22.4,2
17,2026-08-08T18:37:28.134,1786185448.2195,694.22,2026-08-08T18:37:53.692,1786185473.786,719.786,25.566,445.5,446.1,17.7,10.97,2
18,2026-08-08T18:37:53.692,1786185473.786,719.786,2026-08-08T18:38:14.234,1786185494.3205,740.32,20.534,463.5,470.6,24.5,25.57,2
19,2026-08-08T18:38:14.234,1786185494.3205,740.32,2026-08-08T18:38:42.128,1786185522.2205,768.22,27.9,480.0,488.1,17.5,20.53,2
20,2026-08-08T18:38:42.128,1786185522.2205,768.22,2026-08-08T18:39:01.085,1786185541.1865,787.187,18.966,315.3,508.4,20.3,27.9,2
21,2026-08-08T18:39:01.085,1786185541.1865,787.187,2026-08-08T18:40:54.470,1786185654.552,900.552,113.365,399.1,526.8,18.4,18.97,4
22,2026-08-08T18:40:54.470,1786185654.552,900.552,2026-08-08T18:42:11.651,1786185731.7295,977.73,77.178,386.8,169.9,-356.9,113.37,2
23,2026-08-08T18:42:11.651,1786185731.7295,977.73,2026-08-08T18:42:58.061,1786185778.3675,1024.368,46.638,278.2,191.1,21.2,77.18,2
24,2026-08-08T18:42:58.061,1786185778.3675,1024.368,2026-08-08T18:43:14.242,1786185794.3285,1040.329,15.961,303.6,207.0,15.9,46.64,3
25,2026-08-08T18:43:14.242,1786185794.3285,1040.329,2026-08-08T18:44:19.054,1786185859.1445,1105.145,64.816,319.4,220.8,13.8,15.96,2
26,2026-08-08T18:44:19.054,1786185859.1445,1105.145,2026-08-08T18:44:48.212,1786185888.2955,1134.296,29.151,319.8,240.1,19.3,64.82,2
27,2026-08-08T18:44:48.212,1786185888.2955,1134.296,2026-08-08T18:45:29.868,1786185929.954,1175.954,41.658,307.8,259.3,19.2,29.15,2
28,2026-08-08T18:45:29.868,1786185929.954,1175.954,2026-08-08T18:45:53.311,1786185953.3975,1199.398,23.444,309.4,276.8,17.5,41.66,2
29,2026-08-08T18:45:53.311,1786185953.3975,1199.398,2026-08-08T18:46:21.706,1786185981.7885,1227.789,28.391,349.4,296.5,19.7,23.44,2
30,2026-08-08T18:46:21.706,1786185981.7885,1227.789,2026-08-08T18:47:31.531,1786186051.621,1297.621,69.832,289.3,318.6,22.1,28.39,2
31,2026-08-08T18:47:31.531,1786186051.621,1297.621,2026-08-08T18:49:00.670,1786186140.972,1386.972,89.351,318.7,336.0,17.4,69.83,2
32,2026-08-08T18:49:00.670,1786186140.972,1386.972,2026-08-08T18:49:33.586,1786186173.6755,1419.675,32.704,509.0,358.3,22.3,89.35,3
33,2026-08-08T18:49:33.586,1786186173.6755,1419.675,2026-08-08T18:50:03.247,1786186203.3375,1449.338,29.662,336.4,374.9,16.6,32.7,2
34,2026-08-08T18:50:03.247,1786186203.3375,1449.338,2026-08-08T18:50:55.072,1786186255.1625,1501.162,51.825,331.0,392.8,17.9,29.66,2
35,2026-08-08T18:50:55.072,1786186255.1625,1501.162,2026-08-08T18:51:29.888,1786186289.9855,1535.986,34.823,533.5,415.6,22.8,51.82,2
36,2026-08-08T18:51:29.888,1786186289.9855,1535.986,2026-08-08T18:52:15.135,1786186335.2175,1581.217,45.232,427.9,435.6,20.0,34.82,2
37,2026-08-08T18:52:15.135,1786186335.2175,1581.217,2026-08-08T18:52:42.495,1786186362.5925,1608.592,27.375,513.3,449.1,13.5,45.23,2
38,2026-08-08T18:52:42.495,1786186362.5925,1608.592,2026-08-08T18:53:53.864,1786186434.0925,1680.092,71.5,382.3,470.7,21.6,27.38,2
39,2026-08-08T18:53:53.864,1786186434.0925,1680.092,2026-08-08T18:54:28.153,1786186468.446,1714.446,34.354,719.0,508.8,38.1,71.5,3
40,2026-08-08T18:54:28.153,1786186468.446,1714.446,2026-08-08T18:55:10.964,1786186511.0425,1757.043,42.596,742.7,526.3,17.5,34.35,3
41,2026-08-08T18:55:10.964,1786186511.0425,1757.043,2026-08-08T18:56:26.197,1786186586.279,1832.279,75.237,335.7,165.8,-360.5,42.6,2
42,2026-08-08T18:56:26.197,1786186586.279,1832.279,2026-08-08T18:59:43.458,1786186783.5405,2029.54,197.261,301.0,187.0,21.2,75.24,2
43,2026-08-08T18:59:43.458,1786186783.5405,2029.54,2026-08-08T19:00:12.610,1786186812.88,2058.88,29.34,318.1,222.8,35.8,197.26,2
44,2026-08-08T19:00:12.610,1786186812.88,2058.88,2026-08-08T19:01:03.610,1786186863.7,2109.7,50.82,844.7,245.4,22.6,29.34,3
45,2026-08-08T19:01:03.610,1786186863.7,2109.7,2026-08-08T19:03:21.534,1786187001.62,2247.62,137.92,618.8,261.2,15.8,50.82,2
46,2026-08-08T19:03:21.534,1786187001.62,2247.62,2026-08-08T19:03:53.183,1786187033.258,2279.258,31.638,384.5,282.8,21.6,137.92,2
47,2026-08-08T19:03:53.183,1786187033.258,2279.258,2026-08-08T19:04:34.749,1786187075.0525,2321.053,41.795,356.2,300.4,17.6,31.64,2
48,2026-08-08T19:04:34.749,1786187075.0525,2321.053,2026-08-08T19:07:04.645,1786187224.7225,2470.723,149.67,453.4,321.5,21.1,41.79,3
49,2026-08-08T19:07:04.645,1786187224.7225,2470.723,2026-08-08T19:08:55.813,1786187336.0785,2582.079,111.356,342.8,340.4,18.9,149.67,2
50,2026-08-08T19:08:55.813,1786187336.0785,2582.079,2026-08-08T19:11:04.496,1786187464.579,2710.579,128.5,378.2,377.1,36.7,111.36,3
51,2026-08-08T19:11:04.496,1786187464.579,2710.579,2026-08-08T19:11:38.883,1786187499.176,2745.176,34.597,732.4,392.4,15.3,128.5,2
52,2026-08-08T19:11:38.883,1786187499.176,2745.176,2026-08-08T19:13:12.588,1786187592.6785,2838.678,93.502,686.8,418.7,26.3,34.6,3
53,2026-08-08T19:13:12.588,1786187592.6785,2838.678,2026-08-08T19:13:46.217,1786187626.296,2872.296,33.618,754.0,435.1,16.4,93.5,2
54,2026-08-08T19:13:46.217,1786187626.296,2872.296,2026-08-08T19:15:33.101,1786187733.181,2979.181,106.885,859.1,454.5,19.4,33.62,4
55,2026-08-08T19:15:33.101,1786187733.181,2979.181,2026-08-08T19:16:43.916,1786187803.9915,3049.991,70.81,386.3,474.9,20.4,106.88,2
56,2026-08-08T19:16:43.916,1786187803.9915,3049.991,2026-08-08T19:17:58.323,1786187878.3945,3124.395,74.403,383.6,490.5,15.6,70.81,2
57,2026-08-08T19:17:58.323,1786187878.3945,3124.395,2026-08-08T19:18:38.950,1786187919.205,3165.205,40.81,360.5,505.5,15.0,74.4,2
58,2026-08-08T19:18:38.950,1786187919.205,3165.205,,,,,340.3,525.7,20.2,40.81,3
